{"nodes":{"node:0":{"location":{"x":-3054,"y":4}},"node:1":{"location":{"x":-2750,"y":224}}},"selection":[],"view":{"scroll":{"x":-4178.05517578125,"y":-329.97952270507813},"zoom":1.25}}