{"nodes":{"node:0":{"location":{"x":-288,"y":-96}},"node:1":{"location":{"x":252,"y":196}}},"selection":["node:0"],"view":{"scroll":{"x":-424.20993041992188,"y":-280.18658447265625},"zoom":0.75}}